"Treatment","mean.Salinity","sem.Salinity","mean.Temperature","sem.Temperature","mean.pH","sem.pH","mean.CO2","sem.CO2","mean.pCO2","sem.pCO2","mean.HCO3","sem.HCO3","mean.CO3","sem.CO3","mean.DIC","sem.DIC","mean.TA","sem.TA","mean.Aragonite.Sat","sem.Aragonite.Sat"
"Ambient",28.46,0.0163299316185546,18.2433333333333,0.0922681416399281,7.95597475852105,0.0027437320710021,16.9560579426552,0.103818335109335,482.191306073515,3.49145975702132,1775.66614449724,1.30913162809978,114.879464712263,0.52343701285474,1907.50166715216,0.887608211737355,2060,0,1.82343359696571,0.00826761865207751
"Low",28.48,0.0175512386175876,18.2856666666667,0.103193472275656,7.51873807419068,0.0120493492810099,51.3743851299343,1.57111530037764,1463.35545726695,45.5271140073966,1944.94896913154,2.74038399651602,46.4772490737581,1.10599823211593,2042.80060333523,3.20106958187563,2060,0,0.737792322537522,0.0175253786918335
