"Treatment","mean.Salinity","sem.Salinity","mean.Temperature","sem.Temperature","mean.pH","sem.pH","mean.CO2","sem.CO2","mean.pCO2","sem.pCO2","mean.HCO3","sem.HCO3","mean.CO3","sem.CO3","mean.DIC","sem.DIC","mean.TA","sem.TA","mean.Aragonite.Sat","sem.Aragonite.Sat"
"Ambient",26.67,0.265015722804013,14.318,0.169835214251933,7.92187393789905,0.0235746671051715,21.5189327130716,1.16419987220602,537.817844089311,27.4149509138856,1835.58758406352,11.6652679998488,91.0612584040069,4.88236966737945,1948.1677751806,7.94828779464204,2060,0,1.42988332560993,0.078260867548731
"High",26.65,0.268845267352389,14.593,0.222221361109443,7.04613981427815,0.0134683101159215,175.560253088518,5.96767161020337,4427.10809132703,131.66543676245,2026.92575153382,1.15529501970336,13.4449157561636,0.474239350725781,2215.9309203785,6.64678109262513,2060,0,0.211290696960771,0.00762047851660183
"Mid",26.62,0.274792851273666,14.518,0.22156413668883,7.40109622920405,0.0162761615430282,76.2735793592207,2.74783350863916,1918.59014520634,62.342454315772,1986.57416117022,3.09034857166451,29.7764538898418,1.28499982955185,2092.62419441928,4.54710006652191,2060,0,0.467882147821461,0.0206656020424163
