"Treatment","mean.Salinity","sem.Salinity","mean.Temperature","sem.Temperature","mean.pH","sem.pH","mean.CO2","sem.CO2","mean.pCO2","sem.pCO2","mean.HCO3","sem.HCO3","mean.CO3","sem.CO3","mean.DIC","sem.DIC","mean.TA","sem.TA","mean.Aragonite.Sat","sem.Aragonite.Sat"
"Ambient",28.475,0.019271139343438,18.1929166666667,0.113134649747237,7.9602153670713,0.00276852409948338,16.785700136548,0.10013700895068,476.680875793158,3.47973049226169,1773.62369613441,1.30281416077839,115.690099425321,0.522522470777184,1906.09949569628,0.877480237964187,2060,0,1.83586088098527,0.00836969808498784
"Low",28.5166666666667,0.0130031582934251,18.2633333333333,0.129033007049408,7.52353457360625,0.0148652684975544,50.9142311647906,1.94816034488533,1449.77157359564,56.4683702836773,1943.52485145612,3.34789649018783,47.0436548957923,1.35202175438752,2041.48273751671,3.94237518171243,2060,0,0.746647265742929,0.0214338532034136
