"Treatment","mean.Salinity","sem.Salinity","mean.Temperature","sem.Temperature","mean.pH","sem.pH","mean.CO2","sem.CO2","mean.pCO2","sem.pCO2","mean.HCO3","sem.HCO3","mean.CO3","sem.CO3","mean.DIC","sem.DIC","mean.TA","sem.TA","mean.Aragonite.Sat","sem.Aragonite.Sat"
"Ambient",28.4809523809524,0.0141495641405297,18.4261904761905,0.0863607701600823,7.95307542818775,0.00227651800078848,16.994297383155,0.0805816451423866,485.901413233897,2.91140902251649,1775.51538564793,0.992262659624298,114.953792761267,0.397292640802105,1907.46347579235,0.673114580167674,2060,0,1.82590653678319,0.00629054007764472
"Low",28.4833333333333,0.0152092133374663,18.4357142857143,0.0850962035734745,7.48625960136118,0.015892431955326,56.4521289024588,2.43493694633835,1614.98872486198,70.1532720465127,1950.87537086143,3.30985578422758,44.0934146403571,1.33588988033447,2051.42091440424,4.39332566185736,2060,0,0.700376855508052,0.0212029663098794
