"Treatment","mean.Salinity","sem.Salinity","mean.Temperature","sem.Temperature","mean.pH","sem.pH","mean.CO2","sem.CO2","mean.pCO2","sem.pCO2","mean.HCO3","sem.HCO3","mean.CO3","sem.CO3","mean.DIC","sem.DIC","mean.TA","sem.TA","mean.Aragonite.Sat","sem.Aragonite.Sat"
"Ambient",28.525,0.0130558241966775,18.6275,0.129656451650296,7.95411953064256,0.00164089114256558,16.8377494953797,0.0660577186272381,484.216552275113,2.18911259309091,1772.8121466386,1.04521868534097,116.050369028881,0.433771763916567,1905.70026516287,0.675119699703264,2060,0,1.84466851442901,0.0075879790114748
"Low",28.55,0.0150755672288884,18.7791666666667,0.138479067083087,7.47238097348565,0.0207515735154506,56.929035127957,3.01361980295556,1640.89028175199,80.7240238515105,1953.55763141835,5.22759835174777,43.0234301359837,2.12238267849501,2053.51009668229,6.11775559570922,2060,0,0.684491954235896,0.0341850279661945
