"Sample.ID","TA","Mass","Type"
"20180710_JUNK",2052.71196362889,60.1947,NA
"20180710_CRM1",2225.10583525028,60.6675,NA
"20180710_CRM2",2223.88375607436,59.3856,NA
