"Sample.ID","TA","Mass","Type"
"20160805_Bin1",2735.28361107259,61.0066,NA
"20160805_Bin2",2728.72975035359,58.9833,NA
"20160805_Bin3",2733.38118149339,60.4385,NA
"20160805_Bin4",2724.33422850767,59.9791,NA
"20160805_Bin5",2744.70191230562,60.3505,NA
"20160805_Bin6",2731.0105695966,58.9892,NA
"20160805_Bin7",2866.91127199737,59.112,NA
"20160805_Bin8",2855.13590883692,59.0996,NA
"20160805_Bin9",2823.75971863081,60.2721,NA
