"SampleID","TA","Mass"
"20160805_Bin10",2844.0382971168,60.1572
"20160805_Bin11",2838.86389243421,60.6508
"20160805_Bin12",2856.05060748819,59.3527
"20160815_Bin2",2716.70705937882,60.1129
"20160815_Bin3",2698.20140316661,60.3303
"20160815_Bin4",2727.54103236156,60.1078
"20160815_Bin5",2724.69179658017,59.6696
"20160815_Bin6",2718.82480326643,59.3226
"20160815_Bin7",2825.78624135438,60.5911
