"Sample.ID","TA","Mass","Type"
"20180711_JUNK",2059.82219689633,59.1011,NA
"20180711_CRM1",2233.0299141585,59.9702,NA
"20180711_CRM2",2227.37632106068,60.9102,NA
