"SampleID","TA","Mass"
"20160815_Bin8",2832.56917845804,58.8013
"20160815_Bin9",2838.13842554888,60.5783
"20160815_Bin10",2838.42564533942,59.4664
"20160815_Bin11",2834.41923614552,59.2451
"20160815_Bin12",2821.09805134227,59.9586
"20160321_Tank1",2718.42613220099,60.3614
"20160321_Tank2",2929.30226647662,59.6642
"20160321_Tank3",2906.78932239225,59.3375
"20160321_Tank4",2712.03666648549,59.0579
