"SampleID","TA","Mass"
"20180711_JUNK",2063.65336408104,59.3809
"20180711_CRM1",2234.51611847373,59.2144
"20180711_CRM2",2231.2567152026,59.0141
