"SampleID","TA","Mass"
"20180711_JUNK",2059.82219689633,59.1011
"20180711_CRM1",2232.90965443863,59.9702
"20180711_CRM2",2227.50373426538,60.9102
